code,name,page,pdf_hex,montage_hex,renderer_deltaE00,max_spatial_deltaE00,montage_deltaE00,exact_reproduction
5411,pearl grey,3,#908F92,#908F92,0.5971,2.0054,0,true
5426,cinnamon,3,#895637,#895637,0.5218,1.7084,0,true
5427,coral sand,3,#BDAD93,#BDAD93,0.4775,0.8605,0,true
5450,tourmaline,2,#18764A,#18764A,0.4015,1.7862,0,true
5457,coffe bean,3,#312C29,#312C29,0.7496,1.498,0,true
5459,clove,3,#4E2E1E,#4E2E1E,0.3162,1.8439,0,true
5465,papaya,2,#D25122,#D25122,0.3426,2.3996,0,true
5466,dynasty blue,2,#152575,#152575,0.3193,0.6551,0,true
5472,curcuma,3,#A0840C,#A0840C,0.3668,3.6756,0,true
5480,grapefruit,2,#CBB80D,#CBB80D,0,1.8948,0,true
5488,garden green,2,#59BA4C,#59BA4C,0.1407,2.0315,0,true
5500,diamond black,3,#1A1E22,#1A1E22,0.3138,1.6341,0,true
5527,bamboo,3,#BF9C79,#BF9C79,0,1.2029,0,true
5528,aquamarine,2,#458AC9,#458AC9,0,3.3828,0,true
5531,cornflower,2,#3A68AA,#3A68AA,0.7168,1.8469,0,true
5538,deep ecru,3,#A89465,#A89465,0.3999,2.5656,0,true
5542,baby blue,2,#8FADDB,#8FADDB,0.2862,1.4418,0,true
5544,blue steel,3,#425564,#425564,0.3465,3.1409,0,true
5557,bronze,3,#3B261B,#3B261B,0.5013,1.4016,0,true
5558,mahogany,4,#312822,#312822,0,1.9737,0,true
5565,chestnut,4,#462E1F,#462E1F,0.3183,1.7718,0,true
5566,sapphire,2,#142C7E,#142C7E,0,1.0603,0,true
5567,red wine,2,#44131B,#44131B,0.2869,0.7552,0,true
5568,gooseberry,3,#ACAA8F,#ACAA8F,0.4576,1.8878,0,true
5593,cyan,4,#1A7CB7,#1A7CB7,0,0.8461,0,true
5594,ice blue,4,#248DA7,#248DA7,0,1.2745,0,true
5597,neon pink,3,#D64979,#D64979,0.2196,1.0262,0,true
5611,pewter,3,#999DA2,#999DA2,1.0266,2.6423,0,true
5617,iron,4,#3F3E43,#3F3E43,0.3289,1.1699,0,true
5622,wheat,3,#BCB6A0,#BCB6A0,0,2.4417,0,true
5623,citrine,2,#BBB033,#BBB033,0.2765,1.107,0,true
5624,nectar,3,#CCA312,#CCA312,0.2908,0.8733,0,true
5633,pansy,4,#29123C,#29123C,0,0.631,0,true
5637,fire red,2,#9B1811,#9B1811,0.2833,2.7038,0,true
5639,red paprika,2,#891913,#891913,0.2697,2.552,0,true
5640,graphite,3,#48484B,#48484B,0.3373,1.677,0,true
5642,lapis lazuli,2,#1F439D,#1F439D,0.1522,1.351,0,true
5643,navy blue,3,#1B283F,#1B283F,0.4893,1.1792,0,true
5645,teal ice,2,#72C2C6,#72C2C6,0.4673,0.881,0,true
5649,malachite,2,#9BBA13,#9BBA13,0.1875,1.9267,0,true
5650,golf green,2,#2C8115,#2C8115,0.3801,3.878,0,true
5651,true green,2,#2B8C35,#2B8C35,0.3708,3.6527,0,true
5653,twine,4,#D5AB90,#D5AB90,0.3186,1.8816,0,true
5657,saddle brown,3,#704121,#704121,0.5557,2.9072,0,true
5658,cocoa,3,#592814,#592814,0.5092,1.8236,0,true
5659,chocolate,3,#3A241C,#3A241C,0.6318,1.4245,0,true
5661,ivory,3,#CBC8BC,#CBC8BC,0.4346,1.7688,0,true
5670,gold,3,#B38F26,#B38F26,0.4411,1.3982,0,true
5672,brass,3,#906E0D,#906E0D,0.4046,2.0423,0,true
5673,antique gold,3,#A5842D,#A5842D,0.3772,2.8936,0,true
5675,sky blue,2,#8EB4D9,#8EB4D9,0,2.5081,0,true
5676,persian blue,4,#06266A,#06266A,0.0768,0.7988,0,true
5678,orange,2,#E84B16,#E84B16,0.1756,3.3228,0,true
5682,sand,3,#AA9B8D,#AA9B8D,0,1.2439,0,true
5694,teal,4,#1B8690,#1B8690,0,1.1728,0,true
5703,jade,2,#134924,#134924,0.3276,1.8443,0,true
5718,titanium,3,#868A8D,#868A8D,0.9305,1.3717,0,true
5722,petunia,2,#3C226F,#3C226F,0.2037,1.5774,0,true
5723,oat,4,#CEB679,#CEB679,0.2144,1.1003,0,true
5725,autumn gold,3,#B07E1A,#B07E1A,0.3543,2.2068,0,true
5726,almond,3,#A07342,#A07342,0,1.608,0,true
5727,beige,4,#95794D,#95794D,0.3844,2.9331,0,true
5728,taupe,3,#89704B,#89704B,0.6025,1.8112,0,true
5733,asian blue,2,#376EBC,#376EBC,0,3.0781,0,true
5738,pistachio,4,#C6B892,#C6B892,0,1.2785,0,true
5739,charcoal,3,#2B2A2E,#2B2A2E,1.0456,1.7327,0,true
5741,koala,4,#757476,#757476,0,2.6421,0,true
5742,nightsky,4,#0C1B33,#0C1B33,0.497,1.6588,0,true
5747,x-mas red,2,#7E171D,#7E171D,0.2803,0.9303,0,true
5748,lime green,2,#9ED05D,#9ED05D,0.1799,1.3305,0,true
5749,kelly green,2,#49AF34,#49AF34,0.2923,4.2763,0,true
5751,madeira green,2,#247D45,#247D45,0.2276,4.2219,0,true
5756,avocado,2,#375717,#375717,0.3338,1.6856,0,true
5758,olive brown,3,#664B36,#664B36,0,3.2176,0,true
5765,tangerine,3,#C65A0F,#C65A0F,0.209,1.5098,0,true
5767,royal blue,2,#182764,#182764,0.3464,1.5735,0,true
5769,celery green,2,#5F871D,#5F871D,0.7245,2.1894,0,true
5770,grass green,2,#4A7E26,#4A7E26,0.1763,3.7344,0,true
5771,mustard,3,#B69618,#B69618,0,2.9983,0,true
5773,copper,3,#85410C,#85410C,0.3863,1.349,0,true
5775,true blue,4,#264C73,#264C73,0.7651,1.4276,0,true
5781,raspberry,2,#76141B,#76141B,0.2797,1.4373,0,true
5784,burgundy,2,#380F18,#380F18,0.4005,0.6322,0,true
5786,hot pink,2,#B1164F,#B1164F,0,0.8114,0,true
5791,toffee,4,#946207,#946207,0.3171,1.5203,0,true
5792,curry,4,#896614,#896614,0,1.5289,0,true
5795,cypress,3,#262B1D,#262B1D,0.3163,1.1113,0,true
5797,blueberry,4,#023D8E,#023D8E,0.1897,0.7416,0,true
5799,carribean green,4,#10766C,#10766C,0.5238,0.792,0,true
5800,black,3,#161919,#161919,1.2032,1.1841,0,true
5801,fluorescent white,3,#C3C2CD,#FFFFFF,0,2.2638,14.5008,true
5802,snow white,3,#BCBCC5,#F6F7F5,0.4746,1.2046,14.5634,true
5803,eggshell,3,#BBBABC,#F5F5EA,0,0.9697,15.032,true
5810,palladium,3,#959190,#959190,0.9042,2.6539,0,true
5811,silver,3,#A5A6A7,#A5A6A7,0.2968,1.9464,0,true
5815,flamingo,2,#D7A8B6,#D7A8B6,0,1.0102,0,true
5817,peach,4,#C48B78,#C48B78,0,1.2015,0,true
5821,rust,4,#6C1D12,#6C1D12,0,0.736,0,true
5823,neon yellow,3,#BCD414,#BCD414,0,1.4008,0,true
5825,mango,3,#C78C1D,#C78C1D,0.385,3.0327,0,true
5831,amethyst,2,#9353A6,#9353A6,0.2143,4.1367,0,true
5834,lilac,2,#BA9CC8,#BA9CC8,0,3.0365,0,true
5836,ebony,3,#3D2423,#3D2423,0,3.4394,0,true
5838,lipstick,2,#9F1813,#9F1813,0.2829,1.9366,0,true
5839,cherry red,2,#971617,#971617,0.3123,1.5411,0,true
5840,black pearl,3,#555C64,#555C64,1.1149,1.8488,0,true
5842,ocean blue,2,#18459B,#18459B,0.3284,1.5488,0,true
5843,blue nautica,2,#132B69,#132B69,0.3462,1.6784,0,true
5844,midnight blue,3,#1C212E,#1C212E,0.6269,1.0066,0,true
5851,x-mas green,2,#16601E,#16601E,0.3268,2.6442,0,true
5855,hay,3,#957944,#957944,0.4671,3.1375,0,true
5859,espresso,3,#292323,#292323,0.3149,1.2525,0,true
5863,light khaki,4,#C4BE8F,#C4BE8F,0.2469,1.6385,0,true
5866,banana,3,#C8BF7D,#C8BF7D,0.2613,1.8563,0,true
5869,amber,4,#BA7408,#BA7408,0.356,1.1078,0,true
5871,glacier blue,2,#78ACC8,#78ACC8,0.5586,3.0211,0,true
5874,light blue,2,#97B4D6,#97B4D6,0.3911,4.3395,0,true
5879,peppermint,2,#255D5F,#255D5F,0.5026,1.1524,0,true
5884,savannah,3,#C2AB88,#C2AB88,0.2829,1.9502,0,true
5885,hazelnut,3,#9B7A50,#9B7A50,0.4647,4.1043,0,true
5895,turquoise blue,2,#3F89BA,#3F89BA,0,3.6984,0,true
5899,tawny brown,4,#6B372A,#6B372A,0.32,1.094,0,true
5901,green apple,2,#5FB314,#5FB314,0.2929,4.0044,0,true
5902,black forest,2,#17301F,#17301F,0,2.0451,0,true
5906,khaki,3,#4E3B12,#4E3B12,0.3255,1.9048,0,true
5910,orchid pink,2,#EA397F,#EA397F,0.2485,2.5565,0,true
5918,carbon,3,#727377,#727377,0.3961,2.1472,0,true
5919,dark mauve,4,#803D46,#803D46,0,0.7254,0,true
5921,magnolia,2,#E895BE,#E895BE,0.2931,2.7782,0,true
5922,deep purple,2,#461D84,#461D84,0,2.2204,0,true
5924,lemon,2,#BDAC01,#BDAC01,0.2694,0.5901,0,true
5926,fawn,4,#684D32,#684D32,0.3447,2.182,0,true
5927,tan,3,#C0A58B,#C0A58B,0.4148,3.3384,0,true
5933,lavender,2,#837ABE,#837ABE,0,5.3704,0,true
5934,blue topaz,2,#1E56B9,#1E56B9,0.3619,3.1967,0,true
5938,sandstone,3,#A79183,#A79183,0.4392,1.8726,0,true
5940,fern,4,#88AB1C,#88AB1C,0.206,0.6131,0,true
5945,vanilla,3,#593B30,#593B30,0.5021,2.2908,0,true
5946,neon orange,3,#FD500F,#FD500F,0.2115,0.607,0,true
5948,rose quartz,2,#E06D8D,#E06D8D,0.2738,3.3769,0,true
5949,cream,3,#C2BFBD,#C2BFBD,0,1.6366,0,true
5950,neon green,3,#6CBF1A,#6CBF1A,0.2863,1.2673,0,true
5951,corn,3,#C6890E,#C6890E,0.3205,2.3521,0,true
5955,orange peel,3,#D76D0F,#D76D0F,0.2687,1.8695,0,true
5964,ash blue,3,#394967,#394967,0,2.0342,0,true
5965,pumkin,2,#D14607,#D14607,0.1002,1.8923,0,true
5966,dark indigo,4,#0B1328,#0B1328,0.4806,0.7814,0,true
5967,cobalt blue,2,#19234B,#19234B,0.3927,1.0134,0,true
5971,canary,3,#CFAA0E,#CFAA0E,0.2825,1.166,0,true
5973,autumn leaf,4,#6D4217,#6D4217,0,0.7149,0,true
5975,imperial blue,2,#1C4383,#1C4383,0.652,5.4069,0,true
5976,deep sea,4,#181F2F,#181F2F,0.9445,2.3834,0,true
5977,turquoise,2,#1D6AAB,#1D6AAB,0,1.466,0,true
5980,sunflower,2,#D2B709,#D2B709,0,1.8957,0,true
5981,ruby,2,#551218,#551218,0.2786,1.5685,0,true
5984,begonia,2,#B02563,#B02563,0.2929,1.4174,0,true
5987,camp fire,4,#A01F0B,#A01F0B,0,0.7529,0,true
5988,emerald,2,#288E22,#288E22,0.1153,2.9233,0,true
5990,azalea,2,#D0528F,#D0528F,0,1.5624,0,true
5998,elephant,4,#5C5658,#5C5658,0.5959,1.8449,0,true
